{
	"partitions" : [
		{
			"name" : "Top",
			"pins" : [
				{
					"name" : "Output[0]",
					"strict" : false
				},
				{
					"name" : "Output[1]",
					"strict" : false
				},
				{
					"name" : "Output[2]",
					"strict" : false
				},
				{
					"name" : "Output[3]",
					"strict" : false
				},
				{
					"name" : "Output[4]",
					"strict" : false
				},
				{
					"name" : "Output[5]",
					"strict" : false
				},
				{
					"name" : "Output[6]",
					"strict" : false
				},
				{
					"name" : "Clear",
					"strict" : false
				},
				{
					"name" : "Enable",
					"strict" : false
				},
				{
					"name" : "Clock",
					"strict" : false
				}
			]
		}
	]
}