{
	"partitions" : [
		{
			"name" : "Top",
			"pins" : [
				{
					"name" : "z[0]",
					"strict" : false
				},
				{
					"name" : "z[1]",
					"strict" : false
				},
				{
					"name" : "z[2]",
					"strict" : false
				},
				{
					"name" : "z[3]",
					"strict" : false
				},
				{
					"name" : "clk",
					"strict" : false
				},
				{
					"name" : "rst",
					"strict" : false
				},
				{
					"name" : "en",
					"strict" : false
				}
			]
		}
	]
}