{
	"partitions" : [
		{
			"name" : "Top",
			"pins" : [
				{
					"name" : "Q3",
					"strict" : false
				},
				{
					"name" : "Q2",
					"strict" : false
				},
				{
					"name" : "Q1",
					"strict" : false
				},
				{
					"name" : "Q0",
					"strict" : false
				},
				{
					"name" : "Enable",
					"strict" : false
				},
				{
					"name" : "Clock",
					"strict" : false
				},
				{
					"name" : "Clear",
					"strict" : false
				}
			]
		}
	]
}